TICKER,Society_N,Society_P,Jobs_N,Jobs_P,Taxes_N,Taxes_P,Societal_Infrastructure_N,Societal_Infrastructure_P,Societal_Stability_N,Societal_Stability_P,EQUALITY_HUMAN RIGHTS_N,EQUALITY_HUMAN RIGHTS_P,Knowledge_N,Knowledge_P,Knowledge_Infrastructure_N,Knowledge_Infrastructure_P,Creating_Knowledge_N,Creating_Knowledge_P,Distributing_Knowledge_N,Distributing_Knowledge_P,Scarce_Human_Capital_N,Scarce_Human_Capital_P,Health_N,Health_P,Physical Diseases_N,Physical Diseases_P,Mental Diseases_N,Mental Diseases_P,Nutrition_N,Nutrition_P,Relationships_N,Relationships_P,Meaning_Joy_N,Meaning_Joy_P,Environment_N,Environment_P,GHG_Emissions_N,GHG_Emissions_P,Non-GHG_Emissions_N,Non-GHG_Emissions_P,Scarce_Natural_resources_N,Scarce_Natural_resources_P,Biodiversity_N,Biodiversity_P,Waste_N,Waste_P,Millennials,Most Wanted Workforce,Society First,Knowledge First,Health First,Net Impact Ratio
WDAY,-0.01,3.79,0.0,1.11,0.0,2.28,0.0,0.03,-0.0,0.36,-0.01,0.02,-2.65,1.37,0.0,0.11,0.0,0.07,-0.0,1.19,-2.65,0.0,-0.03,0.37,-0.01,0.02,-0.0,0.0,0.0,0.0,-0.02,0.04,-0.0,0.31,-0.24,0.01,-0.12,0.01,-0.03,0.0,-0.02,0.0,-0.02,0.0,-0.06,0.0,0.527,0.426,0.426,0.449,0.6920000000000001,0.471
PANW,-0.07,4.33,0.0,0.84,0.0,1.85,0.0,0.12,-0.06,1.52,-0.0,0.01,-3.89,3.16,0.0,2.49,0.0,0.56,-0.0,0.12,-3.89,0.0,-0.1,0.61,-0.06,0.05,-0.02,0.01,0.0,0.0,-0.02,0.05,-0.0,0.51,-0.67,0.02,-0.4,0.01,-0.06,0.01,-0.03,0.0,-0.01,0.0,-0.17,0.0,0.504,0.389,0.389,0.418,0.765,0.419
ABMD,-0.0,2.71,0.0,0.91,0.0,1.7,0.0,0.1,-0.0,0.0,-0.0,0.01,-1.19,0.03,0.0,0.0,0.0,0.02,-0.0,0.0,-1.19,0.0,-0.37,3.58,-0.36,2.83,-0.0,0.37,0.0,0.0,-0.01,0.01,-0.0,0.37,-0.62,0.0,-0.18,0.0,-0.0,0.0,-0.0,0.0,-0.01,0.0,-0.43,0.0,0.6779999999999999,0.551,0.551,0.312,0.506,0.654
ADBE,-0.06,3.4,0.0,0.91,0.0,2.29,0.0,0.12,-0.06,0.07,-0.0,0.01,-3.69,1.83,0.0,1.3,0.0,0.23,-0.02,0.29,-3.67,0.0,-0.2,1.43,-0.06,0.17,-0.02,0.03,0.0,0.0,-0.05,0.75,-0.07,0.49,-0.54,0.02,-0.31,0.02,-0.04,0.01,-0.02,0.0,-0.01,0.0,-0.15,0.0,0.3929999999999999,0.253,0.253,0.253,0.649,0.3279999999999999
AMD,-0.05,1.97,0.0,0.68,0.0,1.07,0.0,0.08,-0.05,0.12,-0.0,0.01,-1.16,1.05,0.0,0.64,0.0,0.21,-0.0,0.2,-1.16,0.0,-0.19,0.47,-0.12,0.16,-0.03,0.02,0.0,0.02,-0.03,0.16,-0.01,0.1,-1.19,0.07,-0.67,0.04,-0.16,0.02,-0.03,0.0,-0.03,0.0,-0.3,0.01,0.4429999999999999,0.1989999999999999,0.1989999999999999,0.18,0.708,0.27
AKAM,-0.13,4.01,0.0,1.19,0.0,2.12,0.0,0.2,-0.13,0.48,-0.0,0.01,-3.57,2.06,0.0,1.32,0.0,0.32,-0.0,0.42,-3.57,0.0,-0.35,0.68,-0.16,0.1,-0.04,0.02,0.0,0.0,-0.1,0.15,-0.05,0.41,-0.75,0.05,-0.47,0.03,-0.08,0.01,-0.04,0.0,-0.03,0.0,-0.13,0.0,0.3979999999999999,0.228,0.228,0.255,0.67,0.293
ALGN,-0.0,3.52,0.0,1.58,0.0,1.88,0.0,0.06,-0.0,0.0,-0.0,0.01,-1.25,0.03,0.0,0.0,0.0,0.03,-0.0,0.0,-1.25,0.0,-0.81,2.91,-0.8,2.34,-0.0,0.51,0.0,0.0,-0.0,0.01,-0.0,0.05,-1.38,0.0,-0.53,0.0,-0.01,0.0,-0.0,0.0,-0.0,0.0,-0.84,0.0,0.562,0.317,0.317,0.0579999999999999,0.3279999999999999,0.469
LNT,-0.14,4.49,0.0,0.84,0.0,1.09,0.0,2.55,-0.12,0.01,-0.02,0.01,-1.04,0.11,0.0,0.05,0.0,0.04,-0.0,0.02,-1.04,0.0,-0.35,0.13,-0.24,0.07,-0.07,0.0,0.0,0.01,-0.01,0.01,-0.02,0.04,-3.83,0.74,-1.98,0.56,-0.82,0.17,-0.27,0.0,-0.25,0.0,-0.51,0.01,0.318,-0.126,-0.126,0.243,0.023,0.021
GOOG,-0.06,2.77,0.0,0.85,0.0,1.71,0.0,0.16,-0.04,0.04,-0.01,0.02,-2.27,2.83,0.0,0.38,0.0,1.33,-0.1,1.11,-2.17,0.0,-0.36,0.46,-0.17,0.07,-0.05,0.03,0.0,0.01,-0.04,0.2,-0.11,0.15,-0.59,0.03,-0.35,0.02,-0.06,0.01,-0.02,0.0,-0.01,0.0,-0.15,0.0,0.564,0.43,0.43,0.37,0.823,0.462
AMZN,-0.06,2.8,0.0,1.04,0.0,1.27,0.0,0.41,-0.05,0.08,-0.01,0.01,-1.87,0.97,0.0,0.32,0.0,0.34,-0.0,0.31,-1.87,0.0,-0.3,0.87,-0.2,0.12,-0.03,0.02,0.0,0.02,-0.05,0.19,-0.02,0.52,-1.34,0.3,-0.74,0.15,-0.11,0.07,-0.05,0.0,-0.04,0.0,-0.39,0.08,0.418,0.18,0.18,0.257,0.6,0.2769999999999999
AMGN,-0.22,2.31,0.0,0.59,0.0,1.39,0.0,0.25,-0.02,0.06,-0.21,0.02,-1.65,0.3,0.0,0.0,0.0,0.3,-0.0,0.0,-1.65,0.0,-0.93,7.65,-0.9,6.92,-0.03,0.46,0.0,0.0,-0.0,0.0,-0.0,0.27,-2.24,0.04,-0.93,0.02,-0.23,0.01,-0.13,0.0,-0.09,0.0,-0.85,0.01,0.5479999999999999,0.347,0.347,-0.654,0.495,0.511
ADI,-0.05,2.33,0.0,0.78,0.0,1.3,0.0,0.18,-0.05,0.05,-0.0,0.02,-1.28,1.6,0.0,1.1,0.0,0.21,-0.0,0.28,-1.28,0.0,-0.22,0.44,-0.12,0.12,-0.05,0.02,0.0,0.01,-0.04,0.18,-0.01,0.11,-1.06,0.06,-0.64,0.04,-0.1,0.01,-0.02,0.0,-0.02,0.0,-0.28,0.0,0.552,0.366,0.366,0.3339999999999999,0.79,0.411
ANSS,-0.08,3.95,0.0,1.44,0.0,2.34,0.0,0.14,-0.07,0.01,-0.0,0.02,-3.39,4.68,0.0,1.42,0.0,2.68,-0.0,0.57,-3.39,0.0,-0.17,0.42,-0.05,0.17,-0.03,0.0,0.0,0.0,-0.05,0.18,-0.04,0.06,-0.84,0.03,-0.52,0.02,-0.06,0.01,-0.02,0.0,-0.02,0.0,-0.22,0.0,0.6,0.496,0.496,0.3989999999999999,0.846,0.506
AAPL,-0.34,2.76,0.0,0.75,0.0,1.58,0.0,0.11,-0.2,0.24,-0.14,0.09,-1.65,2.57,0.0,1.39,0.0,0.07,-0.03,1.11,-1.62,0.0,-0.92,2.21,-0.35,0.3,-0.24,0.13,0.0,0.0,-0.26,1.23,-0.08,0.55,-2.09,0.09,-0.91,0.07,-0.14,0.01,-0.42,0.0,-0.02,0.0,-0.6,0.02,0.492,0.249,0.249,0.245,0.779,0.344
AMAT,-0.03,2.6,0.0,0.78,0.0,1.6,0.0,0.2,-0.03,0.01,-0.0,0.01,-1.55,0.81,0.0,0.68,0.0,0.09,-0.0,0.04,-1.55,0.0,-0.1,0.19,-0.07,0.07,-0.01,0.01,0.0,0.0,-0.01,0.06,-0.0,0.04,-1.5,0.18,-0.89,0.12,-0.07,0.05,-0.02,0.0,-0.01,0.0,-0.5,0.01,0.357,0.081,0.081,0.11,0.5720000000000001,0.159
ADSK,-0.05,3.5,0.0,1.27,0.0,1.97,0.0,0.21,-0.04,0.04,-0.01,0.02,-2.96,1.63,0.0,0.33,0.0,1.26,-0.0,0.04,-2.96,0.0,-0.39,0.76,-0.24,0.28,-0.02,0.07,0.0,0.0,-0.09,0.15,-0.04,0.26,-1.41,0.06,-0.76,0.04,-0.15,0.02,-0.09,0.0,-0.06,0.0,-0.35,0.0,0.344,0.108,0.108,0.081,0.622,0.192
ADP,-0.02,4.38,0.0,1.56,0.0,2.45,0.0,0.27,-0.0,0.06,-0.02,0.04,-2.12,0.41,0.0,0.03,0.0,0.01,-0.0,0.37,-2.12,0.0,-0.01,0.18,-0.01,0.03,-0.0,0.01,0.0,0.0,-0.0,0.06,-0.0,0.07,-0.18,0.0,-0.1,0.0,-0.02,0.0,-0.0,0.0,-0.01,0.0,-0.05,0.0,0.569,0.474,0.474,0.537,0.501,0.531
BIIB,-0.19,2.55,0.0,0.48,0.0,1.8,0.0,0.21,-0.01,0.05,-0.18,0.02,-1.58,0.27,0.0,0.0,0.0,0.26,-0.0,0.0,-1.58,0.0,-0.98,5.84,-0.96,5.12,-0.03,0.43,0.0,0.0,-0.0,0.0,-0.0,0.29,-2.23,0.04,-0.99,0.02,-0.2,0.01,-0.12,0.0,-0.08,0.0,-0.84,0.01,0.488,0.242,0.242,-0.539,0.417,0.426
AVGO,-0.13,2.76,0.0,0.71,0.0,1.54,0.0,0.27,-0.13,0.21,-0.01,0.03,-2.42,2.49,0.0,1.38,0.0,0.82,-0.0,0.29,-2.41,0.0,-0.25,0.51,-0.13,0.06,-0.07,0.01,0.0,0.0,-0.04,0.24,-0.02,0.2,-1.09,0.17,-0.72,0.14,-0.1,0.03,-0.03,0.0,-0.02,0.0,-0.21,0.0,0.478,0.308,0.308,0.276,0.7759999999999999,0.345
CDNS,-0.1,3.52,0.0,1.15,0.0,2.13,0.0,0.18,-0.09,0.06,-0.01,0.01,-2.87,1.89,0.0,0.93,0.0,0.84,-0.0,0.12,-2.87,0.0,-0.22,0.36,-0.12,0.1,-0.03,0.01,0.0,0.0,-0.04,0.06,-0.03,0.19,-1.38,0.07,-0.75,0.04,-0.16,0.02,-0.11,0.0,-0.05,0.0,-0.3,0.0,0.373,0.163,0.163,0.133,0.674,0.2189999999999999
CBOE,-0.12,1.4,0.0,0.36,0.0,0.96,0.0,0.07,-0.11,0.01,-0.01,0.01,-2.01,1.55,0.0,0.13,0.0,0.01,-0.0,1.41,-2.01,0.0,-0.07,0.09,-0.02,0.04,-0.0,0.01,0.0,0.0,-0.03,0.02,-0.02,0.03,-0.36,0.02,-0.26,0.01,-0.03,0.0,-0.01,0.01,-0.01,0.0,-0.05,0.01,0.306,0.148,0.148,0.006,0.731,0.1669999999999999
CDW,-0.05,2.5,0.0,0.76,0.0,1.5,0.0,0.13,-0.05,0.09,-0.0,0.02,-2.47,1.78,0.0,1.38,0.0,0.14,-0.0,0.26,-2.47,0.0,-0.13,0.38,-0.06,0.16,-0.02,0.05,0.0,0.0,-0.03,0.04,-0.02,0.12,-0.88,0.03,-0.45,0.02,-0.05,0.01,-0.02,0.0,-0.02,0.0,-0.34,0.0,0.382,0.2,0.2,0.124,0.7090000000000001,0.244
CERN,-0.04,4.08,0.0,1.59,0.0,2.23,0.0,0.16,-0.03,0.01,-0.0,0.1,-3.87,0.52,0.0,0.23,0.0,0.28,-0.0,0.0,-3.87,0.0,-0.16,4.01,-0.11,2.67,-0.02,0.97,0.0,0.0,-0.02,0.05,-0.01,0.32,-0.65,0.02,-0.34,0.01,-0.07,0.01,-0.03,0.0,-0.02,0.0,-0.18,0.0,0.45,0.3339999999999999,0.3339999999999999,0.0559999999999999,0.374,0.4529999999999999
CHTR,-0.04,2.51,0.0,0.78,0.0,1.35,0.0,0.15,-0.03,0.18,-0.02,0.06,-1.47,2.1,0.0,1.19,0.0,0.23,-0.01,0.67,-1.46,0.0,-1.39,1.74,-0.79,0.12,-0.26,0.07,0.0,0.0,-0.27,1.12,-0.07,0.42,-0.99,0.02,-0.63,0.02,-0.1,0.0,-0.03,0.0,-0.04,0.0,-0.19,0.0,0.55,0.278,0.278,0.32,0.784,0.3879999999999999
CINF,-0.14,2.92,0.0,0.44,0.0,0.99,0.0,1.4,-0.02,0.01,-0.12,0.09,-1.41,0.05,0.0,0.0,0.0,0.03,-0.0,0.02,-1.41,0.0,-0.14,0.27,-0.09,0.17,-0.02,0.04,0.0,0.0,-0.01,0.02,-0.02,0.04,-0.56,0.02,-0.34,0.01,-0.09,0.0,-0.01,0.0,-0.02,0.0,-0.09,0.01,0.3939999999999999,0.1939999999999999,0.1939999999999999,0.4429999999999999,0.057,0.311
CTAS,-0.06,3.49,0.0,1.48,0.0,1.53,0.0,0.46,-0.01,0.01,-0.05,0.01,-0.76,0.64,0.0,0.02,0.0,0.11,-0.0,0.51,-0.76,0.0,-0.24,1.16,-0.22,0.68,-0.01,0.03,0.0,0.0,-0.0,0.07,-0.01,0.37,-2.36,0.36,-1.2,0.18,-0.41,0.08,-0.19,0.0,-0.06,0.0,-0.49,0.11,0.5589999999999999,0.299,0.299,0.321,0.628,0.3939999999999999
CSCO,-0.1,3.05,0.0,0.84,0.0,1.76,0.0,0.16,-0.1,0.28,-0.0,0.02,-2.57,2.69,0.0,1.87,0.0,0.57,-0.0,0.26,-2.57,0.0,-0.22,1.68,-0.1,0.2,-0.05,0.05,0.0,0.0,-0.05,0.95,-0.02,0.48,-0.81,0.05,-0.47,0.04,-0.06,0.01,-0.02,0.0,-0.02,0.0,-0.24,0.0,0.5760000000000001,0.4579999999999999,0.4579999999999999,0.441,0.802,0.504
CTXS,-0.06,4.16,0.0,0.97,0.0,2.24,0.0,0.13,-0.06,0.81,-0.0,0.01,-3.77,2.6,0.0,2.42,0.0,0.14,-0.0,0.05,-3.77,0.0,-0.13,3.71,-0.05,0.31,-0.02,0.05,0.0,0.0,-0.04,2.35,-0.02,1.0,-0.58,0.04,-0.36,0.03,-0.06,0.01,-0.03,0.0,-0.01,0.0,-0.12,0.0,0.5920000000000001,0.508,0.508,0.542,0.757,0.568
CME,-0.15,1.37,0.0,0.36,0.0,0.92,0.0,0.06,-0.13,0.02,-0.02,0.01,-1.61,1.24,0.0,0.05,0.0,0.01,-0.0,1.18,-1.61,0.0,-0.09,0.12,-0.02,0.05,-0.0,0.01,0.0,0.0,-0.05,0.02,-0.02,0.03,-0.38,0.04,-0.27,0.01,-0.04,0.0,-0.01,0.01,-0.02,0.0,-0.05,0.01,0.327,0.162,0.162,0.051,0.7240000000000001,0.195
CTSH,-0.04,5.66,0.0,3.22,0.0,1.96,0.0,0.31,-0.04,0.09,-0.01,0.08,-3.26,2.55,0.0,0.29,0.0,0.67,-0.0,1.58,-3.26,0.0,-0.14,1.44,-0.09,0.75,-0.02,0.21,0.0,0.03,-0.02,0.1,-0.02,0.34,-0.77,0.03,-0.42,0.02,-0.07,0.01,-0.05,0.0,-0.03,0.0,-0.2,0.0,0.621,0.522,0.522,0.485,0.772,0.565
CMCSA,-0.03,3.05,0.0,0.92,0.0,1.57,0.0,0.28,-0.02,0.25,-0.01,0.03,-1.7,1.52,0.0,0.71,0.0,0.32,-0.0,0.49,-1.7,0.0,-1.35,1.49,-0.7,0.19,-0.15,0.06,0.0,0.0,-0.44,0.65,-0.07,0.59,-0.71,0.02,-0.38,0.01,-0.05,0.01,-0.02,0.0,-0.02,0.0,-0.23,0.0,0.525,0.255,0.255,0.335,0.72,0.377
CPRT,-0.01,2.5,0.0,0.79,0.0,1.2,0.0,0.51,-0.01,0.0,-0.0,0.0,-1.21,0.37,0.0,0.03,0.0,0.04,-0.0,0.3,-1.21,0.0,-0.06,0.38,-0.05,0.0,-0.0,0.0,0.0,0.0,-0.0,0.04,-0.01,0.34,-2.45,0.88,-2.11,0.09,-0.1,0.46,-0.02,0.0,-0.05,0.0,-0.16,0.33,0.344,-0.017,-0.017,0.143,0.3389999999999999,0.098
XRAY,-0.04,3.05,0.0,1.33,0.0,1.52,0.0,0.13,-0.0,0.01,-0.04,0.06,-1.31,0.13,0.0,0.0,0.0,0.13,-0.0,0.0,-1.31,0.0,-1.01,4.06,-0.99,3.1,-0.01,0.74,0.0,0.0,-0.01,0.03,-0.0,0.19,-1.33,0.25,-0.66,0.0,-0.06,0.24,-0.03,0.0,-0.02,0.0,-0.56,0.01,0.584,0.353,0.353,0.0139999999999999,0.4379999999999999,0.507
DXCM,-0.0,2.4,0.0,0.91,0.0,1.4,0.0,0.06,-0.0,0.0,-0.0,0.02,-1.06,0.13,0.0,0.05,0.0,0.08,-0.0,0.0,-1.06,0.0,-0.05,4.63,-0.04,3.88,-0.0,0.23,0.0,0.0,-0.0,0.02,-0.0,0.51,-0.6,0.0,-0.31,0.0,-0.01,0.0,-0.01,0.0,-0.0,0.0,-0.27,0.0,0.763,0.6970000000000001,0.6970000000000001,0.4429999999999999,0.6809999999999999,0.7609999999999999
DISCA,-0.01,2.78,0.0,0.7,0.0,1.66,0.0,0.0,-0.0,0.41,-0.01,0.02,-1.82,1.65,0.0,0.44,0.0,0.54,-0.0,0.67,-1.82,0.0,-2.02,1.93,-1.02,0.16,-0.1,0.04,0.0,0.0,-0.81,0.7,-0.08,1.02,-0.3,0.01,-0.15,0.01,-0.01,0.0,-0.01,0.0,-0.01,0.0,-0.12,0.0,0.508,0.1939999999999999,0.1939999999999999,0.297,0.715,0.348
DISH,-0.07,2.63,0.0,0.75,0.0,1.44,0.0,0.04,-0.07,0.39,-0.0,0.02,-1.51,1.44,0.0,0.5,0.0,0.16,-0.0,0.78,-1.51,0.0,-0.98,0.8,-0.59,0.14,-0.07,0.03,0.0,0.0,-0.23,0.25,-0.09,0.39,-0.96,0.02,-0.43,0.02,-0.04,0.0,-0.02,0.0,-0.01,0.0,-0.46,0.0,0.46,0.1689999999999999,0.1689999999999999,0.222,0.7140000000000001,0.278
DLTR,-0.01,2.48,0.0,1.44,0.0,0.83,0.0,0.2,-0.01,0.0,-0.01,0.01,-0.74,0.03,0.0,0.0,0.0,0.01,-0.0,0.02,-0.74,0.0,-0.2,0.7,-0.18,0.15,-0.0,0.01,0.0,0.08,-0.0,0.04,-0.01,0.42,-1.52,0.05,-0.6,0.05,-0.17,0.0,-0.1,0.0,-0.05,0.0,-0.6,0.0,0.419,0.093,0.093,0.2319999999999999,0.115,0.241
EBAY,-0.04,2.13,0.0,0.63,0.0,1.05,0.0,0.44,-0.03,0.0,-0.01,0.0,-1.29,0.66,0.0,0.02,0.0,0.05,-0.0,0.58,-1.29,0.0,-0.1,0.58,-0.09,0.13,-0.01,0.01,0.0,0.01,-0.0,0.09,-0.01,0.35,-1.43,0.21,-0.82,0.1,-0.11,0.07,-0.04,0.0,-0.05,0.0,-0.41,0.04,0.373,0.102,0.102,0.188,0.562,0.2
EA,-0.11,4.31,0.0,0.87,0.0,3.02,0.0,0.16,-0.06,0.16,-0.05,0.1,-3.23,1.36,0.0,0.07,0.0,1.28,-0.0,0.01,-3.23,0.0,-3.85,3.69,-2.27,0.18,-0.08,0.05,0.0,0.0,-0.93,1.83,-0.57,1.63,-1.17,0.02,-0.48,0.02,-0.08,0.01,-0.04,0.0,-0.02,0.0,-0.56,0.0,0.302,-0.146,-0.146,0.069,0.461,0.109
ENPH,-0.07,3.39,0.0,0.78,0.0,1.49,0.0,1.09,-0.06,0.02,-0.01,0.01,-1.62,1.62,0.0,0.14,0.0,1.1,-0.0,0.37,-1.62,0.0,-0.45,0.2,-0.32,0.08,-0.06,0.01,0.0,0.01,-0.03,0.05,-0.04,0.05,-2.42,0.98,-1.2,0.59,-0.47,0.33,-0.15,0.0,-0.17,0.01,-0.43,0.05,0.479,0.195,0.195,0.278,0.6970000000000001,0.264
EQIX,-0.1,3.42,0.0,1.01,0.0,1.89,0.0,0.4,-0.09,0.08,-0.01,0.04,-3.01,2.26,0.0,1.43,0.0,0.34,-0.0,0.5,-3.01,0.0,-0.36,0.46,-0.16,0.07,-0.08,0.02,0.0,0.0,-0.08,0.24,-0.04,0.12,-1.09,0.08,-0.73,0.06,-0.12,0.02,-0.05,0.0,-0.04,0.0,-0.15,0.0,0.409,0.215,0.215,0.204,0.715,0.268
EXC,-0.09,4.56,0.0,0.88,0.0,1.17,0.0,2.5,-0.08,0.01,-0.02,0.0,-1.17,0.21,0.0,0.04,0.0,0.14,-0.0,0.03,-1.17,0.0,-0.23,0.12,-0.13,0.1,-0.06,0.0,0.0,0.0,-0.01,0.0,-0.02,0.01,-3.44,2.91,-0.77,2.27,-0.58,0.53,-0.46,0.0,-0.31,0.0,-1.32,0.11,0.563,0.28,0.28,0.47,0.375,0.368
EXPD,-0.01,4.38,0.0,0.7,0.0,1.29,0.0,2.37,-0.0,0.0,-0.0,0.03,-0.93,0.13,0.0,0.0,0.0,0.11,-0.0,0.02,-0.93,0.0,-0.04,0.13,-0.04,0.05,-0.0,0.03,0.0,0.0,-0.0,0.02,-0.0,0.03,-1.5,0.05,-0.94,0.03,-0.16,0.02,-0.02,0.0,-0.02,0.0,-0.36,0.01,0.603,0.4,0.4,0.598,0.43,0.472
FFIV,-0.08,4.65,0.0,0.98,0.0,2.35,0.0,0.16,-0.07,1.14,-0.0,0.01,-3.96,2.76,0.0,2.54,0.0,0.16,-0.0,0.07,-3.96,0.0,-0.16,0.49,-0.07,0.05,-0.03,0.01,0.0,0.0,-0.04,0.05,-0.02,0.39,-0.83,0.03,-0.52,0.02,-0.07,0.01,-0.03,0.0,-0.02,0.0,-0.19,0.0,0.4639999999999999,0.327,0.327,0.359,0.727,0.366
FB,-1.5,3.92,0.0,0.86,0.0,1.86,0.0,0.08,-1.48,0.97,-0.02,0.16,-3.02,3.42,0.0,0.24,0.0,0.03,-0.64,3.15,-2.38,0.0,-4.23,7.14,-1.16,0.35,-0.82,0.16,0.0,0.02,-1.04,5.06,-1.2,1.56,-0.66,0.03,-0.41,0.02,-0.04,0.0,-0.02,0.0,-0.01,0.0,-0.19,0.01,0.417,0.155,0.155,0.312,0.721,0.352
FAST,-0.01,2.36,0.0,1.03,0.0,1.06,0.0,0.25,-0.01,0.01,-0.0,0.0,-1.11,0.13,0.0,0.11,0.0,0.01,-0.0,0.01,-1.11,0.0,-0.1,0.27,-0.09,0.21,-0.0,0.0,0.0,0.0,-0.0,0.01,-0.01,0.05,-1.32,0.06,-0.65,0.04,-0.17,0.02,-0.03,0.0,-0.07,0.0,-0.41,0.0,0.293,-0.042,-0.042,0.067,0.091,0.094
FITB,-0.07,3.25,0.0,0.71,0.0,1.23,0.0,1.18,-0.03,0.07,-0.04,0.06,-1.7,0.44,0.0,0.12,0.0,0.04,-0.0,0.28,-1.7,0.0,-0.14,0.3,-0.09,0.07,-0.02,0.01,0.0,0.01,-0.02,0.08,-0.02,0.13,-0.55,0.03,-0.33,0.02,-0.09,0.0,-0.02,0.0,-0.03,0.0,-0.08,0.01,0.472,0.305,0.305,0.472,0.485,0.387
FISV,-0.02,3.94,0.0,0.96,0.0,1.71,0.0,1.14,-0.01,0.05,-0.01,0.08,-2.98,0.19,0.0,0.17,0.0,0.0,-0.0,0.01,-2.98,0.0,-0.05,0.25,-0.03,0.01,-0.01,0.0,0.0,0.0,-0.01,0.05,-0.01,0.19,-0.43,0.01,-0.28,0.01,-0.04,0.0,-0.01,0.0,-0.01,0.0,-0.09,0.0,0.2769999999999999,0.0969999999999999,0.0969999999999999,0.326,-0.023,0.207
FTNT,-0.04,4.62,0.0,0.98,0.0,2.11,0.0,0.11,-0.04,1.4,-0.0,0.01,-3.65,2.92,0.0,2.84,0.0,0.02,-0.0,0.06,-3.65,0.0,-0.1,0.61,-0.06,0.05,-0.02,0.01,0.0,0.0,-0.02,0.09,-0.0,0.47,-0.77,0.03,-0.48,0.02,-0.06,0.01,-0.02,0.0,-0.01,0.0,-0.2,0.0,0.527,0.409,0.409,0.442,0.762,0.4429999999999999
FOX,-0.04,3.3,0.0,0.79,0.0,1.67,0.0,0.02,-0.03,0.79,-0.01,0.02,-1.92,2.13,0.0,0.3,0.0,0.54,-0.01,1.29,-1.91,0.0,-2.5,1.79,-1.46,0.12,-0.13,0.03,0.0,0.0,-0.73,0.55,-0.18,1.1,-0.42,0.02,-0.19,0.01,-0.02,0.0,-0.01,0.0,-0.01,0.0,-0.2,0.0,0.511,0.176,0.176,0.297,0.7390000000000001,0.326
GILD,-0.25,2.14,0.0,0.57,0.0,1.23,0.0,0.24,-0.03,0.06,-0.22,0.04,-1.39,0.54,0.0,0.0,0.0,0.54,-0.0,0.0,-1.39,0.0,-0.71,8.16,-0.67,7.16,-0.03,0.7,0.0,0.0,-0.0,0.0,-0.0,0.3,-1.99,0.04,-0.74,0.02,-0.26,0.01,-0.16,0.0,-0.12,0.0,-0.71,0.01,0.629,0.472,0.472,-0.41,0.64,0.602
HAS,-0.01,1.9,0.0,0.57,0.0,1.27,0.0,0.0,-0.01,0.04,-0.0,0.01,-1.01,0.54,0.0,0.14,0.0,0.16,-0.0,0.24,-1.01,0.0,-0.76,2.11,-0.38,0.14,-0.02,0.04,0.0,0.0,-0.2,0.61,-0.15,1.31,-1.39,0.16,-0.77,0.15,-0.1,0.0,-0.05,0.0,-0.06,0.0,-0.41,0.0,0.4679999999999999,0.158,0.158,0.275,0.562,0.326
HSIC,-0.02,2.38,0.0,1.01,0.0,1.22,0.0,0.1,-0.01,0.02,-0.01,0.03,-1.47,0.29,0.0,0.05,0.0,0.05,-0.0,0.2,-1.47,0.0,-0.17,1.4,-0.14,0.93,-0.01,0.2,0.0,0.0,-0.01,0.06,-0.01,0.21,-1.04,0.05,-0.42,0.01,-0.07,0.0,-0.04,0.0,-0.03,0.04,-0.48,0.0,0.433,0.22,0.22,0.1009999999999999,0.395,0.348
HOLX,-0.02,3.86,0.0,1.76,0.0,1.98,0.0,0.08,-0.01,0.01,-0.0,0.03,-2.19,0.95,0.0,0.14,0.0,0.81,-0.0,0.0,-2.19,0.0,-0.2,3.39,-0.18,2.75,-0.01,0.38,0.0,0.0,-0.01,0.08,-0.01,0.17,-0.91,0.02,-0.52,0.01,-0.05,0.0,-0.02,0.0,-0.01,0.0,-0.31,0.01,0.629,0.517,0.517,0.314,0.6759999999999999,0.596
HST,-0.04,3.47,0.0,0.84,0.0,2.62,0.0,0.0,-0.0,0.0,-0.04,0.01,-1.13,0.74,0.0,0.0,0.0,0.05,-0.0,0.69,-1.13,0.0,-0.29,0.4,-0.21,0.01,-0.05,0.0,0.0,0.0,-0.01,0.08,-0.03,0.3,-2.91,0.03,-1.47,0.02,-0.25,0.0,-0.37,0.0,-0.39,0.0,-0.44,0.01,0.332,-0.059,-0.059,0.002,0.504,0.0559999999999999
HBAN,-0.03,3.53,0.0,0.74,0.0,1.11,0.0,1.62,-0.0,0.0,-0.03,0.06,-1.62,0.18,0.0,0.1,0.0,0.02,-0.0,0.06,-1.62,0.0,-0.08,0.24,-0.05,0.07,-0.02,0.02,0.0,0.0,-0.0,0.04,-0.01,0.12,-0.47,0.01,-0.28,0.01,-0.07,0.0,-0.02,0.0,-0.03,0.0,-0.07,0.0,0.514,0.365,0.365,0.555,0.336,0.446
IDXX,-0.05,2.44,0.0,0.97,0.0,1.4,0.0,0.05,-0.01,0.0,-0.03,0.02,-1.11,0.45,0.0,0.0,0.0,0.45,-0.0,0.01,-1.11,0.0,-0.91,1.48,-0.87,0.38,-0.01,0.05,0.0,0.39,-0.0,0.2,-0.03,0.46,-2.26,0.26,-1.06,0.0,-0.19,0.0,-0.37,0.0,-0.31,0.25,-0.33,0.01,0.302,-0.139,-0.139,-0.0559999999999999,0.372,0.066
ILMN,-0.01,4.26,0.0,1.9,0.0,2.31,0.0,0.04,-0.0,0.0,-0.0,0.02,-1.9,2.07,0.0,0.0,0.0,0.81,-0.0,1.26,-1.9,0.0,-0.08,2.22,-0.07,1.53,-0.0,0.21,0.0,0.0,-0.0,0.26,-0.01,0.21,-1.25,0.18,-0.67,0.08,-0.09,0.05,-0.01,0.0,-0.01,0.0,-0.47,0.05,0.691,0.585,0.585,0.489,0.812,0.63
INCY,-0.07,2.87,0.0,0.97,0.0,1.68,0.0,0.11,-0.02,0.04,-0.05,0.08,-1.79,2.11,0.0,0.0,0.0,2.11,-0.0,0.0,-1.79,0.0,-0.87,7.12,-0.83,5.87,-0.04,0.87,0.0,0.0,-0.0,0.0,-0.0,0.38,-1.0,0.02,-0.39,0.01,-0.11,0.0,-0.05,0.0,-0.05,0.0,-0.41,0.0,0.727,0.611,0.611,0.226,0.8220000000000001,0.6920000000000001
INTC,-0.06,2.25,0.0,0.68,0.0,1.31,0.0,0.12,-0.05,0.12,-0.01,0.02,-1.28,1.54,0.0,0.75,0.0,0.5,-0.0,0.3,-1.28,0.0,-0.2,0.5,-0.12,0.16,-0.04,0.03,0.0,0.01,-0.03,0.19,-0.01,0.1,-1.23,0.16,-0.73,0.1,-0.14,0.06,-0.04,0.0,-0.03,0.0,-0.3,0.0,0.528,0.327,0.327,0.291,0.775,0.376
INTU,-0.01,3.41,0.0,0.74,0.0,2.11,0.0,0.36,-0.0,0.07,-0.01,0.12,-2.97,0.97,0.0,0.17,0.0,0.01,-0.0,0.79,-2.97,0.0,-0.03,0.35,-0.01,0.01,-0.0,0.0,0.0,0.0,-0.01,0.06,-0.0,0.27,-0.19,0.01,-0.11,0.0,-0.02,0.0,-0.01,0.0,-0.01,0.0,-0.05,0.0,0.386,0.261,0.261,0.331,0.55,0.326
ISRG,-0.01,3.8,0.0,1.19,0.0,2.45,0.0,0.12,-0.0,0.01,-0.01,0.03,-1.91,0.35,0.0,0.15,0.0,0.21,-0.0,0.0,-1.91,0.0,-0.25,3.35,-0.22,2.71,-0.01,0.44,0.0,0.0,-0.01,0.01,-0.0,0.2,-1.16,0.01,-0.69,0.0,-0.04,0.0,-0.02,0.0,-0.01,0.0,-0.41,0.0,0.597,0.455,0.455,0.236,0.523,0.557
IPGP,-0.05,2.38,0.0,1.05,0.0,1.28,0.0,0.02,-0.04,0.02,-0.01,0.01,-1.06,0.25,0.0,0.12,0.0,0.03,-0.0,0.1,-1.06,0.0,-0.1,0.17,-0.06,0.03,-0.02,0.01,0.0,0.0,-0.02,0.08,-0.01,0.05,-0.83,0.08,-0.47,0.04,-0.06,0.02,-0.05,0.0,-0.02,0.0,-0.24,0.03,0.431,0.196,0.196,0.2689999999999999,0.4,0.292
JKHY,-0.01,4.31,0.0,0.89,0.0,1.75,0.0,1.62,-0.0,0.02,-0.0,0.04,-3.24,0.18,0.0,0.15,0.0,0.01,-0.0,0.02,-3.24,0.0,-0.1,0.12,-0.07,0.01,-0.01,0.0,0.0,0.0,-0.01,0.01,-0.01,0.09,-0.57,0.01,-0.34,0.01,-0.08,0.0,-0.02,0.0,-0.02,0.0,-0.11,0.0,0.245,0.038,0.038,0.309,-0.102,0.154
KLAC,-0.03,2.91,0.0,0.99,0.0,1.74,0.0,0.15,-0.03,0.02,-0.0,0.01,-1.81,0.91,0.0,0.51,0.0,0.33,-0.0,0.07,-1.81,0.0,-0.15,0.21,-0.11,0.08,-0.02,0.01,0.0,0.01,-0.01,0.06,-0.01,0.04,-1.44,0.08,-0.86,0.05,-0.18,0.02,-0.04,0.0,-0.04,0.0,-0.32,0.01,0.35,0.086,0.086,0.105,0.5720000000000001,0.165
LRCX,-0.01,1.84,0.0,0.51,0.0,1.29,0.0,0.04,-0.0,0.0,-0.0,0.0,-1.18,0.25,0.0,0.21,0.0,0.03,-0.0,0.0,-1.18,0.0,-0.03,0.05,-0.02,0.04,-0.0,0.0,0.0,0.0,-0.0,0.0,-0.0,0.01,-0.63,0.04,-0.4,0.03,-0.03,0.01,-0.01,0.0,-0.01,0.0,-0.18,0.0,0.307,0.063,0.063,0.119,0.327,0.157
LKQ,-0.01,3.05,0.0,1.12,0.0,1.18,0.0,0.72,-0.0,0.0,-0.01,0.01,-1.17,0.46,0.0,0.0,0.0,0.43,-0.0,0.03,-1.17,0.0,-0.69,0.17,-0.52,0.05,-0.08,0.0,0.0,0.0,-0.02,0.01,-0.07,0.11,-2.95,2.14,-1.78,0.63,-0.57,0.08,-0.06,0.0,-0.13,0.01,-0.41,1.42,0.4429999999999999,0.048,0.048,0.21,0.396,0.171
MKTX,-0.03,1.89,0.0,0.46,0.0,1.33,0.0,0.08,-0.03,0.01,-0.0,0.01,-2.28,1.83,0.0,0.22,0.0,0.0,-0.01,1.61,-2.27,0.0,-0.08,0.07,-0.03,0.02,-0.0,0.0,0.0,0.0,-0.02,0.01,-0.03,0.03,-0.2,0.01,-0.13,0.01,-0.02,0.0,-0.01,0.0,-0.01,0.0,-0.04,0.0,0.426,0.304,0.304,0.2019999999999999,0.7609999999999999,0.32
MTCH,-0.0,3.27,0.0,0.94,0.0,2.29,0.0,0.03,-0.0,0.01,-0.0,0.0,-2.34,0.19,0.0,0.18,0.0,0.0,-0.0,0.0,-2.34,0.0,-0.74,5.74,-0.01,0.01,-0.0,0.0,0.0,0.0,-0.73,4.6,-0.0,1.13,-0.16,0.01,-0.1,0.0,-0.01,0.0,-0.01,0.0,-0.0,0.0,-0.04,0.0,0.6459999999999999,0.535,0.535,0.645,0.509,0.647
MCHP,-0.07,2.29,0.0,0.83,0.0,1.17,0.0,0.21,-0.07,0.06,-0.01,0.02,-1.21,0.82,0.0,0.48,0.0,0.09,-0.0,0.25,-1.21,0.0,-0.26,0.58,-0.14,0.23,-0.05,0.02,0.0,0.01,-0.05,0.19,-0.02,0.13,-1.15,0.04,-0.62,0.03,-0.09,0.01,-0.02,0.0,-0.02,0.0,-0.39,0.0,0.439,0.191,0.191,0.212,0.648,0.282
MU,-0.04,1.79,0.0,0.62,0.0,1.12,0.0,0.02,-0.04,0.01,-0.0,0.01,-0.95,0.31,0.0,0.18,0.0,0.04,-0.0,0.09,-0.95,0.0,-0.1,0.23,-0.05,0.08,-0.02,0.03,0.0,0.0,-0.02,0.08,-0.01,0.05,-0.85,0.01,-0.44,0.01,-0.05,0.0,-0.02,0.0,-0.01,0.0,-0.34,0.0,0.335,0.057,0.057,0.098,0.431,0.166
MSFT,-0.28,3.49,0.0,1.06,0.0,2.09,0.0,0.18,-0.27,0.13,-0.01,0.03,-3.12,2.17,0.0,0.97,0.0,0.38,-0.02,0.82,-3.11,0.0,-0.9,1.3,-0.37,0.15,-0.14,0.04,0.0,0.0,-0.2,0.79,-0.18,0.32,-0.75,0.05,-0.45,0.03,-0.07,0.01,-0.04,0.0,-0.02,0.0,-0.16,0.0,0.3939999999999999,0.183,0.183,0.201,0.69,0.278
MRNA,-0.02,4.46,0.0,2.04,0.0,1.97,0.0,0.24,-0.01,0.06,-0.01,0.15,-2.28,0.87,0.0,0.0,0.0,0.87,-0.0,0.0,-2.28,0.0,-1.38,17.67,-1.37,16.05,-0.01,0.87,0.0,0.0,-0.0,0.0,-0.0,0.75,-2.62,0.04,-1.39,0.02,-0.16,0.01,-0.04,0.0,-0.06,0.0,-0.97,0.01,0.7509999999999999,0.632,0.632,-0.0279999999999999,0.726,0.726
MPWR,-0.07,2.11,0.0,0.78,0.0,1.19,0.0,0.1,-0.06,0.03,-0.0,0.01,-1.2,1.29,0.0,1.08,0.0,0.04,-0.0,0.17,-1.2,0.0,-0.21,0.42,-0.11,0.11,-0.04,0.02,0.0,0.0,-0.04,0.16,-0.02,0.13,-1.08,0.27,-0.62,0.18,-0.09,0.09,-0.02,0.0,-0.03,0.0,-0.33,0.0,0.525,0.321,0.321,0.296,0.758,0.377
NDAQ,-0.06,1.59,0.0,0.41,0.0,1.08,0.0,0.07,-0.06,0.01,-0.01,0.01,-2.05,1.73,0.0,0.19,0.0,0.01,-0.0,1.53,-2.05,0.0,-0.05,0.08,-0.02,0.03,-0.0,0.0,0.0,0.0,-0.02,0.01,-0.01,0.04,-0.27,0.01,-0.19,0.01,-0.02,0.0,-0.01,0.0,-0.01,0.0,-0.05,0.0,0.402,0.275,0.275,0.152,0.764,0.287
NTAP,-0.09,2.66,0.0,0.85,0.0,1.66,0.0,0.13,-0.08,0.03,-0.0,0.01,-2.72,1.4,0.0,0.81,0.0,0.26,-0.0,0.33,-2.72,0.0,-0.15,0.29,-0.06,0.09,-0.02,0.01,0.0,0.0,-0.04,0.12,-0.03,0.07,-0.6,0.03,-0.37,0.02,-0.05,0.01,-0.02,0.0,-0.01,0.0,-0.14,0.0,0.312,0.129,0.129,0.094,0.632,0.1889999999999999
NFLX,-0.02,3.0,0.0,0.91,0.0,1.78,0.0,0.03,-0.01,0.27,-0.01,0.01,-2.24,1.27,0.0,0.37,0.0,0.4,-0.0,0.5,-2.24,0.0,-2.37,1.7,-1.3,0.09,-0.15,0.02,0.0,0.0,-0.83,0.62,-0.08,0.97,-0.26,0.01,-0.13,0.01,-0.02,0.0,-0.01,0.0,-0.0,0.0,-0.11,0.0,0.375,-0.019,-0.019,0.135,0.588,0.183
NWL,-0.1,2.35,0.0,0.97,0.0,1.01,0.0,0.34,-0.09,0.01,-0.01,0.01,-0.87,0.29,0.0,0.05,0.0,0.03,-0.0,0.22,-0.87,0.0,-0.32,1.57,-0.28,0.88,-0.02,0.02,0.0,0.12,-0.0,0.16,-0.01,0.39,-2.49,0.15,-1.34,0.1,-0.4,0.02,-0.11,0.0,-0.11,0.0,-0.52,0.03,0.326,-0.047,-0.047,-0.051,0.3339999999999999,0.133
NLOK,-0.06,3.99,0.0,0.58,0.0,1.86,0.0,0.12,-0.06,1.42,-0.0,0.01,-3.77,2.97,0.0,2.53,0.0,0.22,-0.0,0.21,-3.77,0.0,-0.11,0.61,-0.06,0.06,-0.02,0.01,0.0,0.0,-0.02,0.07,-0.01,0.47,-0.66,0.07,-0.39,0.04,-0.06,0.01,-0.02,0.0,-0.01,0.0,-0.17,0.01,0.486,0.365,0.365,0.395,0.757,0.397
NVDA,-0.07,2.84,0.0,0.91,0.0,1.68,0.0,0.13,-0.06,0.1,-0.0,0.01,-2.11,1.52,0.0,0.62,0.0,0.72,-0.0,0.17,-2.11,0.0,-0.25,0.81,-0.17,0.27,-0.03,0.06,0.0,0.01,-0.03,0.22,-0.01,0.25,-1.23,0.07,-0.62,0.04,-0.13,0.02,-0.04,0.0,-0.02,0.0,-0.42,0.0,0.4379999999999999,0.2339999999999999,0.2339999999999999,0.2019999999999999,0.6940000000000001,0.304
NXPI,-0.05,2.1,0.0,0.81,0.0,1.08,0.0,0.09,-0.04,0.11,-0.0,0.01,-1.21,1.18,0.0,0.63,0.0,0.36,-0.0,0.19,-1.21,0.0,-0.16,0.63,-0.11,0.19,-0.03,0.04,0.0,0.02,-0.02,0.21,-0.01,0.17,-1.18,0.06,-0.67,0.04,-0.14,0.02,-0.02,0.0,-0.03,0.0,-0.33,0.01,0.493,0.28,0.28,0.255,0.736,0.345
PAYX,-0.03,4.23,0.0,1.13,0.0,2.14,0.0,0.34,-0.01,0.58,-0.03,0.03,-2.0,0.67,0.0,0.01,0.0,0.14,-0.0,0.52,-2.0,0.0,-0.04,0.27,-0.03,0.07,-0.0,0.02,0.0,0.0,-0.0,0.03,-0.0,0.15,-0.15,0.01,-0.07,0.0,-0.01,0.0,-0.0,0.0,-0.01,0.0,-0.05,0.0,0.607,0.521,0.521,0.596,0.631,0.5710000000000001
PYPL,-0.02,3.31,0.0,0.54,0.0,1.26,0.0,1.39,-0.01,0.05,-0.01,0.07,-2.17,0.16,0.0,0.13,0.0,0.0,-0.0,0.03,-2.17,0.0,-0.04,0.21,-0.03,0.01,-0.01,0.0,0.0,0.0,-0.0,0.04,-0.0,0.16,-0.29,0.01,-0.18,0.0,-0.03,0.0,-0.01,0.0,-0.01,0.0,-0.07,0.0,0.375,0.22,0.22,0.455,0.122,0.316
PBCT,-0.04,3.22,0.0,0.66,0.0,1.03,0.0,1.42,-0.01,0.02,-0.02,0.09,-1.66,0.24,0.0,0.11,0.0,0.01,-0.0,0.12,-1.66,0.0,-0.09,0.21,-0.06,0.02,-0.01,0.0,0.0,0.0,-0.01,0.05,-0.01,0.13,-0.53,0.02,-0.31,0.01,-0.08,0.0,-0.02,0.0,-0.03,0.0,-0.08,0.0,0.457,0.285,0.285,0.497,0.344,0.373
PFG,-0.09,3.03,0.0,0.61,0.0,0.73,0.0,1.49,-0.05,0.11,-0.05,0.09,-1.57,0.66,0.0,0.1,0.0,0.07,-0.0,0.49,-1.57,0.0,-0.16,0.54,-0.08,0.2,-0.03,0.05,0.0,0.01,-0.03,0.11,-0.02,0.17,-0.6,0.04,-0.35,0.01,-0.09,0.0,-0.03,0.01,-0.04,0.0,-0.09,0.01,0.513,0.355,0.355,0.508,0.612,0.432
PTC,-0.05,3.38,0.0,1.25,0.0,1.8,0.0,0.29,-0.05,0.03,-0.0,0.01,-3.23,2.17,0.0,0.93,0.0,1.02,-0.0,0.22,-3.23,0.0,-0.11,0.43,-0.06,0.16,-0.01,0.01,0.0,0.0,-0.03,0.1,-0.02,0.16,-1.23,0.02,-0.72,0.01,-0.15,0.01,-0.05,0.0,-0.06,0.0,-0.25,0.0,0.368,0.182,0.182,0.129,0.6920000000000001,0.2269999999999999
QRVO,-0.09,2.01,0.0,0.73,0.0,1.11,0.0,0.09,-0.08,0.05,-0.01,0.03,-1.29,1.67,0.0,1.28,0.0,0.07,-0.0,0.32,-1.29,0.0,-0.31,0.49,-0.15,0.06,-0.07,0.03,0.0,0.0,-0.06,0.26,-0.03,0.14,-0.93,0.05,-0.52,0.04,-0.07,0.01,-0.02,0.0,-0.01,0.0,-0.31,0.0,0.526,0.33,0.33,0.289,0.794,0.38
QCOM,-0.05,2.93,0.0,0.85,0.0,1.72,0.0,0.21,-0.04,0.12,-0.01,0.03,-2.47,2.29,0.0,1.41,0.0,0.55,-0.0,0.33,-2.47,0.0,-0.28,0.95,-0.15,0.32,-0.06,0.06,0.0,0.0,-0.04,0.34,-0.03,0.23,-0.97,0.1,-0.57,0.06,-0.07,0.04,-0.03,0.0,-0.02,0.0,-0.28,0.0,0.508,0.349,0.349,0.297,0.767,0.3979999999999999
REGN,-0.22,2.51,0.0,0.66,0.0,1.52,0.0,0.25,-0.03,0.07,-0.19,0.02,-1.63,0.57,0.0,0.0,0.0,0.57,-0.0,0.0,-1.63,0.0,-0.91,7.58,-0.81,6.49,-0.09,0.64,0.0,0.0,-0.0,0.01,-0.0,0.44,-2.02,0.04,-0.8,0.02,-0.23,0.01,-0.13,0.0,-0.1,0.0,-0.77,0.01,0.5920000000000001,0.41,0.41,-0.325,0.6,0.5529999999999999
ROST,-0.16,2.81,0.0,1.65,0.0,1.04,0.0,0.1,-0.06,0.0,-0.1,0.01,-0.71,0.02,0.0,0.0,0.0,0.01,-0.0,0.01,-0.7,0.0,-0.13,0.95,-0.08,0.49,-0.03,0.01,0.0,0.01,-0.0,0.02,-0.02,0.43,-2.34,0.01,-1.18,0.01,-0.27,0.0,-0.17,0.0,-0.03,0.0,-0.7,0.0,0.319,-0.051,-0.051,0.01,-0.001,0.121
SBAC,-0.07,2.11,0.0,0.63,0.0,1.15,0.0,0.14,-0.05,0.12,-0.02,0.08,-1.22,2.31,0.0,1.43,0.0,0.17,-0.01,0.71,-1.22,0.0,-0.7,2.23,-0.29,0.16,-0.25,0.07,0.0,0.0,-0.11,1.71,-0.05,0.28,-1.44,0.02,-0.87,0.01,-0.14,0.0,-0.05,0.0,-0.06,0.0,-0.32,0.0,0.611,0.41,0.41,0.419,0.8270000000000001,0.487
STX,-0.06,2.26,0.0,0.89,0.0,1.29,0.0,0.05,-0.06,0.02,-0.0,0.01,-1.44,0.57,0.0,0.26,0.0,0.13,-0.0,0.18,-1.44,0.0,-0.11,0.33,-0.05,0.13,-0.02,0.01,0.0,0.0,-0.03,0.13,-0.02,0.05,-0.8,0.02,-0.45,0.01,-0.05,0.01,-0.02,0.0,-0.01,0.0,-0.28,0.0,0.371,0.149,0.149,0.165,0.536,0.238
SWKS,-0.05,2.24,0.0,0.74,0.0,1.34,0.0,0.08,-0.05,0.05,-0.01,0.03,-1.31,1.9,0.0,1.56,0.0,0.04,-0.0,0.29,-1.31,0.0,-0.29,0.41,-0.15,0.05,-0.08,0.02,0.0,0.0,-0.05,0.24,-0.02,0.11,-0.82,0.03,-0.47,0.03,-0.05,0.0,-0.02,0.0,-0.02,0.0,-0.27,0.0,0.59,0.423,0.423,0.381,0.8240000000000001,0.461
SIVB,-0.06,2.12,0.0,0.32,0.0,1.13,0.0,0.62,-0.02,0.02,-0.04,0.03,-1.8,0.43,0.0,0.07,0.0,0.17,-0.0,0.19,-1.8,0.0,-0.07,0.15,-0.04,0.02,-0.01,0.0,0.0,0.0,-0.01,0.03,-0.01,0.09,-0.28,0.02,-0.17,0.02,-0.04,0.0,-0.01,0.0,-0.02,0.0,-0.05,0.0,0.2789999999999999,0.0969999999999999,0.0969999999999999,0.262,0.4039999999999999,0.1889999999999999
SNPS,-0.05,3.67,0.0,1.29,0.0,2.13,0.0,0.22,-0.05,0.02,-0.0,0.01,-3.19,2.19,0.0,0.51,0.0,1.6,-0.0,0.08,-3.19,0.0,-0.14,0.38,-0.09,0.09,-0.02,0.02,0.0,0.0,-0.02,0.09,-0.01,0.19,-1.25,0.04,-0.73,0.03,-0.11,0.01,-0.04,0.0,-0.04,0.0,-0.32,0.0,0.4,0.218,0.218,0.176,0.698,0.263
TMUS,-0.05,2.64,0.0,0.71,0.0,1.43,0.0,0.33,-0.04,0.1,-0.01,0.06,-1.56,1.99,0.0,1.23,0.0,0.13,-0.01,0.63,-1.56,0.0,-0.73,1.64,-0.39,0.14,-0.17,0.09,0.0,0.0,-0.14,1.07,-0.04,0.35,-1.31,0.03,-0.74,0.02,-0.12,0.01,-0.04,0.0,-0.05,0.0,-0.37,0.0,0.556,0.3379999999999999,0.3379999999999999,0.365,0.782,0.421
TROW,-0.14,2.89,0.0,0.62,0.0,1.2,0.0,1.0,-0.08,0.05,-0.05,0.03,-1.65,0.42,0.0,0.03,0.0,0.03,-0.0,0.36,-1.65,0.0,-0.17,0.41,-0.09,0.15,-0.01,0.03,0.0,0.02,-0.05,0.08,-0.02,0.12,-0.8,0.08,-0.43,0.05,-0.11,0.01,-0.05,0.01,-0.06,0.0,-0.15,0.02,0.382,0.1689999999999999,0.1689999999999999,0.344,0.424,0.2739999999999999
TTWO,-0.11,3.47,0.0,0.91,0.0,2.11,0.0,0.15,-0.1,0.17,-0.02,0.13,-3.23,1.59,0.0,0.04,0.0,1.55,-0.0,0.0,-3.23,0.0,-2.91,4.5,-1.38,1.0,-0.1,0.05,0.0,0.0,-0.87,1.83,-0.56,1.61,-1.23,0.03,-0.49,0.02,-0.08,0.01,-0.03,0.0,-0.02,0.0,-0.61,0.0,0.359,0.003,0.003,0.099,0.5489999999999999,0.2189999999999999
TER,-0.01,4.03,0.0,0.68,0.0,2.05,0.0,1.3,-0.01,0.0,-0.0,0.0,-1.6,3.82,0.0,0.01,0.0,3.76,-0.0,0.05,-1.6,0.0,-0.38,0.13,-0.31,0.04,-0.04,0.0,0.0,0.02,-0.0,0.03,-0.03,0.04,-2.11,0.06,-1.22,0.04,-0.37,0.02,-0.04,0.0,-0.09,0.0,-0.39,0.0,0.648,0.471,0.471,0.4589999999999999,0.862,0.489
TSLA,-0.02,4.42,0.0,1.21,0.0,1.42,0.0,1.7,-0.01,0.03,-0.01,0.06,-1.49,0.37,0.0,0.12,0.0,0.19,-0.0,0.06,-1.49,0.0,-1.04,0.49,-0.74,0.05,-0.17,0.01,0.0,0.01,-0.02,0.1,-0.11,0.33,-2.31,2.3,-1.05,1.31,-0.76,0.95,-0.07,0.0,-0.16,0.0,-0.28,0.04,0.55,0.241,0.241,0.435,0.421,0.359
TXN,-0.05,2.22,0.0,0.65,0.0,1.44,0.0,0.11,-0.05,0.02,-0.0,0.01,-1.21,1.05,0.0,0.83,0.0,0.08,-0.0,0.14,-1.21,0.0,-0.12,0.22,-0.06,0.05,-0.02,0.01,0.0,0.01,-0.03,0.09,-0.01,0.05,-1.11,0.05,-0.68,0.03,-0.09,0.01,-0.02,0.0,-0.02,0.0,-0.3,0.01,0.4629999999999999,0.241,0.241,0.226,0.713,0.297
TSCO,-0.02,1.9,0.0,0.66,0.0,0.93,0.0,0.28,-0.01,0.01,-0.01,0.01,-0.73,0.04,0.0,0.01,0.0,0.01,-0.0,0.01,-0.73,0.0,-0.13,0.53,-0.11,0.05,-0.01,0.01,0.0,0.01,-0.0,0.04,-0.01,0.42,-1.43,0.05,-0.65,0.04,-0.18,0.01,-0.08,0.0,-0.06,0.0,-0.47,0.0,0.29,-0.091,-0.091,0.128,-0.05,0.08
TRMB,-0.03,3.04,0.0,1.09,0.0,1.61,0.0,0.29,-0.01,0.04,-0.02,0.02,-1.68,1.28,0.0,0.38,0.0,0.89,-0.0,0.01,-1.68,0.0,-0.27,1.11,-0.21,0.22,-0.02,0.07,0.0,0.71,-0.01,0.04,-0.03,0.07,-2.1,0.73,-1.25,0.22,-0.29,0.24,-0.19,0.1,-0.17,0.17,-0.21,0.0,0.498,0.256,0.256,0.282,0.672,0.3389999999999999
ULTA,-0.05,2.47,0.0,1.18,0.0,1.11,0.0,0.17,-0.05,0.0,-0.0,0.01,-0.97,0.05,0.0,0.0,0.0,0.03,-0.0,0.01,-0.97,0.0,-0.26,0.98,-0.23,0.51,-0.02,0.02,0.0,0.0,-0.0,0.0,-0.0,0.45,-1.9,0.05,-0.85,0.03,-0.26,0.01,-0.05,0.0,-0.03,0.0,-0.72,0.01,0.293,-0.085,-0.085,-0.02,-0.023,0.1009999999999999
VRSN,-0.11,3.49,0.0,0.92,0.0,2.38,0.0,0.15,-0.11,0.03,-0.0,0.01,-2.96,1.19,0.0,0.62,0.0,0.39,-0.0,0.18,-2.95,0.0,-0.17,0.19,-0.06,0.05,-0.02,0.01,0.0,0.0,-0.05,0.06,-0.03,0.07,-0.5,0.04,-0.32,0.02,-0.06,0.01,-0.03,0.0,-0.02,0.0,-0.08,0.0,0.342,0.171,0.171,0.184,0.5760000000000001,0.24
VRSK,-0.07,3.43,0.0,1.0,0.0,1.55,0.0,0.79,-0.05,0.06,-0.02,0.03,-2.21,2.09,0.0,0.43,0.0,0.83,-0.0,0.83,-2.21,0.0,-0.17,0.25,-0.09,0.07,-0.02,0.0,0.0,0.01,-0.03,0.02,-0.03,0.15,-1.05,0.16,-0.6,0.1,-0.16,0.06,-0.06,0.0,-0.07,0.0,-0.17,0.0,0.5329999999999999,0.375,0.375,0.392,0.769,0.411
VRTX,-0.29,2.89,0.0,0.62,0.0,1.89,0.0,0.3,-0.02,0.07,-0.27,0.02,-2.18,0.03,0.0,0.0,0.0,0.03,-0.0,0.0,-2.18,0.0,-1.6,7.99,-1.56,7.55,-0.04,0.31,0.0,0.0,-0.0,0.01,-0.0,0.12,-3.19,0.05,-1.42,0.03,-0.28,0.01,-0.18,0.0,-0.11,0.0,-1.21,0.01,0.3979999999999999,0.103,0.103,-1.172,0.181,0.337
WBA,-0.02,2.0,0.0,0.78,0.0,0.96,0.0,0.22,-0.01,0.02,-0.01,0.02,-1.06,0.04,0.0,0.01,0.0,0.03,-0.0,0.01,-1.05,0.0,-0.34,1.38,-0.28,0.76,-0.03,0.12,0.0,0.07,-0.02,0.01,-0.01,0.42,-1.57,0.03,-0.62,0.02,-0.17,0.0,-0.07,0.0,-0.04,0.0,-0.68,0.0,0.288,-0.073,-0.073,-0.092,-0.0289999999999999,0.135
WDC,-0.09,2.77,0.0,1.1,0.0,1.5,0.0,0.11,-0.08,0.04,-0.0,0.01,-2.2,1.43,0.0,0.49,0.0,0.74,-0.0,0.19,-2.2,0.0,-0.16,0.39,-0.07,0.13,-0.02,0.03,0.0,0.0,-0.04,0.12,-0.02,0.1,-0.91,0.04,-0.49,0.03,-0.07,0.01,-0.05,0.0,-0.02,0.0,-0.29,0.0,0.4039999999999999,0.216,0.216,0.18,0.6809999999999999,0.2739999999999999
XLNX,-0.07,2.51,0.0,0.8,0.0,1.54,0.0,0.11,-0.07,0.05,-0.0,0.02,-1.72,1.92,0.0,1.29,0.0,0.38,-0.0,0.25,-1.72,0.0,-0.21,0.48,-0.1,0.12,-0.04,0.03,0.0,0.0,-0.05,0.18,-0.03,0.14,-1.1,0.05,-0.63,0.03,-0.1,0.01,-0.03,0.0,-0.02,0.0,-0.32,0.0,0.512,0.332,0.332,0.275,0.7809999999999999,0.374
ZBRA,-0.11,2.92,0.0,0.88,0.0,1.45,0.0,0.54,-0.09,0.03,-0.02,0.01,-1.45,1.1,0.0,0.39,0.0,0.07,-0.0,0.64,-1.45,0.0,-0.15,0.33,-0.12,0.08,-0.01,0.02,0.0,0.0,-0.02,0.1,-0.01,0.13,-1.76,0.02,-1.0,0.01,-0.07,0.0,-0.07,0.0,-0.01,0.0,-0.6,0.0,0.3979999999999999,0.133,0.133,0.192,0.65,0.207
ZION,-0.06,2.56,0.0,0.77,0.0,0.83,0.0,0.87,-0.02,0.03,-0.04,0.06,-1.83,0.32,0.0,0.08,0.0,0.02,-0.0,0.21,-1.83,0.0,-0.1,0.27,-0.06,0.09,-0.01,0.02,0.0,0.01,-0.01,0.06,-0.01,0.09,-0.44,0.03,-0.25,0.02,-0.06,0.0,-0.02,0.0,-0.03,0.0,-0.08,0.0,0.322,0.131,0.131,0.325,0.309,0.235
